entry,max_r2,tem_des_sel_max
1,0.48569833870621504,[286]
2,0.7137776195868496,"[286, 1327]"
3,0.8954155859473427,"[286, 1327, 1330]"
4,0.8974627373515822,"[286, 1327, 1330, 1326]"
5,0.9004805563779693,"[286, 1327, 1330, 1326, 1322]"
6,0.9057083592900557,"[286, 1327, 1330, 1326, 1322, 302]"
7,0.9063982824811744,"[286, 1327, 1330, 1326, 1322, 302, 305]"
8,0.9066918744783519,"[286, 1327, 1330, 1326, 1322, 302, 305, 304]"
9,0.9068621022277036,"[286, 1327, 1330, 1326, 1322, 302, 305, 304, 1260]"
10,0.9070155693746128,"[286, 1327, 1330, 1326, 1322, 302, 305, 304, 1260, 291]"
11,0.9070789682756173,"[286, 1327, 1330, 1326, 1322, 302, 305, 304, 1260, 291, 1208]"
12,0.9071733549055648,"[286, 1327, 1330, 1326, 1322, 302, 305, 304, 1260, 291, 1208, 303]"
13,0.907229339970414,"[286, 1327, 1330, 1326, 1322, 302, 305, 304, 1260, 291, 1208, 303, 1074]"
14,0.9072296462905528,"[286, 1327, 1330, 1326, 1322, 302, 305, 304, 1260, 291, 1208, 303, 1074, 1034]"
15,0.907264471003916,"[286, 1327, 1330, 1326, 1322, 302, 305, 304, 1260, 291, 1208, 303, 1074, 1034, 1114]"
16,0.9072263795777299,"[286, 1327, 1330, 1326, 1322, 302, 305, 304, 1260, 291, 1208, 303, 1074, 1034, 1114, 954]"
17,0.9072238390565869,"[286, 1327, 1330, 1326, 1322, 302, 305, 304, 1260, 291, 1208, 303, 1074, 1034, 1114, 954, 1017]"
18,0.9071978257223181,"[286, 1327, 1330, 1326, 1322, 302, 305, 304, 1260, 291, 1208, 303, 1074, 1034, 1114, 954, 1017, 955]"
19,0.9072634216265439,"[286, 1327, 1330, 1326, 1322, 302, 305, 304, 1260, 291, 1208, 303, 1074, 1034, 1114, 954, 1017, 955, 920]"
20,0.9072448623686007,"[286, 1327, 1330, 1326, 1322, 302, 305, 304, 1260, 291, 1208, 303, 1074, 1034, 1114, 954, 1017, 955, 920, 611]"
21,0.9072315106863529,"[286, 1327, 1330, 1326, 1322, 302, 305, 304, 1260, 291, 1208, 303, 1074, 1034, 1114, 954, 1017, 955, 920, 611, 1134]"
22,0.9071981292310372,"[286, 1327, 1330, 1326, 1322, 302, 305, 304, 1260, 291, 1208, 303, 1074, 1034, 1114, 954, 1017, 955, 920, 611, 1134, 1018]"
23,0.9072450273499615,"[286, 1327, 1330, 1326, 1322, 302, 305, 304, 1260, 291, 1208, 303, 1074, 1034, 1114, 954, 1017, 955, 920, 611, 1134, 1018, 366]"
24,0.9072794963907053,"[286, 1327, 1330, 1326, 1322, 302, 305, 304, 1260, 291, 1208, 303, 1074, 1034, 1114, 954, 1017, 955, 920, 611, 1134, 1018, 366, 1268]"
25,0.9072580447719385,"[286, 1327, 1330, 1326, 1322, 302, 305, 304, 1260, 291, 1208, 303, 1074, 1034, 1114, 954, 1017, 955, 920, 611, 1134, 1018, 366, 1268, 921]"
26,0.9072630928567917,"[286, 1327, 1330, 1326, 1322, 302, 305, 304, 1260, 291, 1208, 303, 1074, 1034, 1114, 954, 1017, 955, 920, 611, 1134, 1018, 366, 1268, 921, 296]"
27,0.9072855910875495,"[286, 1327, 1330, 1326, 1322, 302, 305, 304, 1260, 291, 1208, 303, 1074, 1034, 1114, 954, 1017, 955, 920, 611, 1134, 1018, 366, 1268, 921, 296, 364]"
28,0.9072739926480436,"[286, 1327, 1330, 1326, 1322, 302, 305, 304, 1260, 291, 1208, 303, 1074, 1034, 1114, 954, 1017, 955, 920, 611, 1134, 1018, 366, 1268, 921, 296, 364, 348]"
29,0.9072938217356256,"[286, 1327, 1330, 1326, 1322, 302, 305, 304, 1260, 291, 1208, 303, 1074, 1034, 1114, 954, 1017, 955, 920, 611, 1134, 1018, 366, 1268, 921, 296, 364, 348, 712]"
30,0.9073104199300339,"[286, 1327, 1330, 1326, 1322, 302, 305, 304, 1260, 291, 1208, 303, 1074, 1034, 1114, 954, 1017, 955, 920, 611, 1134, 1018, 366, 1268, 921, 296, 364, 348, 712, 1054]"
31,0.9073114569974472,"[286, 1327, 1330, 1326, 1322, 302, 305, 304, 1260, 291, 1208, 303, 1074, 1034, 1114, 954, 1017, 955, 920, 611, 1134, 1018, 366, 1268, 921, 296, 364, 348, 712, 1054, 1188]"
32,0.9073486189548838,"[286, 1327, 1330, 1326, 1322, 302, 305, 304, 1260, 291, 1208, 303, 1074, 1034, 1114, 954, 1017, 955, 920, 611, 1134, 1018, 366, 1268, 921, 296, 364, 348, 712, 1054, 1188, 1094]"
33,0.9073029762851881,"[286, 1327, 1330, 1326, 1322, 302, 305, 304, 1260, 291, 1208, 303, 1074, 1034, 1114, 954, 1017, 955, 920, 611, 1134, 1018, 366, 1268, 921, 296, 364, 348, 712, 1054, 1188, 1094, 1135]"
34,0.9073038361618341,"[286, 1327, 1330, 1326, 1322, 302, 305, 304, 1260, 291, 1208, 303, 1074, 1034, 1114, 954, 1017, 955, 920, 611, 1134, 1018, 366, 1268, 921, 296, 364, 348, 712, 1054, 1188, 1094, 1135, 1168]"
35,0.9073137487943174,"[286, 1327, 1330, 1326, 1322, 302, 305, 304, 1260, 291, 1208, 303, 1074, 1034, 1114, 954, 1017, 955, 920, 611, 1134, 1018, 366, 1268, 921, 296, 364, 348, 712, 1054, 1188, 1094, 1135, 1168, 1209]"
36,0.9072697139519873,"[286, 1327, 1330, 1326, 1322, 302, 305, 304, 1260, 291, 1208, 303, 1074, 1034, 1114, 954, 1017, 955, 920, 611, 1134, 1018, 366, 1268, 921, 296, 364, 348, 712, 1054, 1188, 1094, 1135, 1168, 1209, 746]"
37,0.9073251128843066,"[286, 1327, 1330, 1326, 1322, 302, 305, 304, 1260, 291, 1208, 303, 1074, 1034, 1114, 954, 1017, 955, 920, 611, 1134, 1018, 366, 1268, 921, 296, 364, 348, 712, 1054, 1188, 1094, 1135, 1168, 1209, 746, 1075]"
38,0.9073083001022877,"[286, 1327, 1330, 1326, 1322, 302, 305, 304, 1260, 291, 1208, 303, 1074, 1034, 1114, 954, 1017, 955, 920, 611, 1134, 1018, 366, 1268, 921, 296, 364, 348, 712, 1054, 1188, 1094, 1135, 1168, 1209, 746, 1075, 1020]"
39,0.9073161401654669,"[286, 1327, 1330, 1326, 1322, 302, 305, 304, 1260, 291, 1208, 303, 1074, 1034, 1114, 954, 1017, 955, 920, 611, 1134, 1018, 366, 1268, 921, 296, 364, 348, 712, 1054, 1188, 1094, 1135, 1168, 1209, 746, 1075, 1020, 1076]"
40,0.9073295387566164,"[286, 1327, 1330, 1326, 1322, 302, 305, 304, 1260, 291, 1208, 303, 1074, 1034, 1114, 954, 1017, 955, 920, 611, 1134, 1018, 366, 1268, 921, 296, 364, 348, 712, 1054, 1188, 1094, 1135, 1168, 1209, 746, 1075, 1020, 1076, 860]"
41,0.9072870064500493,"[286, 1327, 1330, 1326, 1322, 302, 305, 304, 1260, 291, 1208, 303, 1074, 1034, 1114, 954, 1017, 955, 920, 611, 1134, 1018, 366, 1268, 921, 296, 364, 348, 712, 1054, 1188, 1094, 1135, 1168, 1209, 746, 1075, 1020, 1076, 860, 365]"
42,0.9072797789633633,"[286, 1327, 1330, 1326, 1322, 302, 305, 304, 1260, 291, 1208, 303, 1074, 1034, 1114, 954, 1017, 955, 920, 611, 1134, 1018, 366, 1268, 921, 296, 364, 348, 712, 1054, 1188, 1094, 1135, 1168, 1209, 746, 1075, 1020, 1076, 860, 365, 612]"
43,0.9073045123430901,"[286, 1327, 1330, 1326, 1322, 302, 305, 304, 1260, 291, 1208, 303, 1074, 1034, 1114, 954, 1017, 955, 920, 611, 1134, 1018, 366, 1268, 921, 296, 364, 348, 712, 1054, 1188, 1094, 1135, 1168, 1209, 746, 1075, 1020, 1076, 860, 365, 612, 732]"
44,0.9072937908411507,"[286, 1327, 1330, 1326, 1322, 302, 305, 304, 1260, 291, 1208, 303, 1074, 1034, 1114, 954, 1017, 955, 920, 611, 1134, 1018, 366, 1268, 921, 296, 364, 348, 712, 1054, 1188, 1094, 1135, 1168, 1209, 746, 1075, 1020, 1076, 860, 365, 612, 732, 940]"
45,0.9073094300789962,"[286, 1327, 1330, 1326, 1322, 302, 305, 304, 1260, 291, 1208, 303, 1074, 1034, 1114, 954, 1017, 955, 920, 611, 1134, 1018, 366, 1268, 921, 296, 364, 348, 712, 1054, 1188, 1094, 1135, 1168, 1209, 746, 1075, 1020, 1076, 860, 365, 612, 732, 940, 1228]"
46,0.907290070958214,"[286, 1327, 1330, 1326, 1322, 302, 305, 304, 1260, 291, 1208, 303, 1074, 1034, 1114, 954, 1017, 955, 920, 611, 1134, 1018, 366, 1268, 921, 296, 364, 348, 712, 1054, 1188, 1094, 1135, 1168, 1209, 746, 1075, 1020, 1076, 860, 365, 612, 732, 940, 1228, 941]"
47,0.9072665283010989,"[286, 1327, 1330, 1326, 1322, 302, 305, 304, 1260, 291, 1208, 303, 1074, 1034, 1114, 954, 1017, 955, 920, 611, 1134, 1018, 366, 1268, 921, 296, 364, 348, 712, 1054, 1188, 1094, 1135, 1168, 1209, 746, 1075, 1020, 1076, 860, 365, 612, 732, 940, 1228, 941, 1210]"
48,0.9072934841118603,"[286, 1327, 1330, 1326, 1322, 302, 305, 304, 1260, 291, 1208, 303, 1074, 1034, 1114, 954, 1017, 955, 920, 611, 1134, 1018, 366, 1268, 921, 296, 364, 348, 712, 1054, 1188, 1094, 1135, 1168, 1209, 746, 1075, 1020, 1076, 860, 365, 612, 732, 940, 1228, 941, 1210, 974]"
49,0.9073108047307944,"[286, 1327, 1330, 1326, 1322, 302, 305, 304, 1260, 291, 1208, 303, 1074, 1034, 1114, 954, 1017, 955, 920, 611, 1134, 1018, 366, 1268, 921, 296, 364, 348, 712, 1054, 1188, 1094, 1135, 1168, 1209, 746, 1075, 1020, 1076, 860, 365, 612, 732, 940, 1228, 941, 1210, 974, 1115]"
50,0.9072989793349656,"[286, 1327, 1330, 1326, 1322, 302, 305, 304, 1260, 291, 1208, 303, 1074, 1034, 1114, 954, 1017, 955, 920, 611, 1134, 1018, 366, 1268, 921, 296, 364, 348, 712, 1054, 1188, 1094, 1135, 1168, 1209, 746, 1075, 1020, 1076, 860, 365, 612, 732, 940, 1228, 941, 1210, 974, 1115, 1248]"
51,0.907349556856133,"[286, 1327, 1330, 1326, 1322, 302, 305, 304, 1260, 291, 1208, 303, 1074, 1034, 1114, 954, 1017, 955, 920, 611, 1134, 1018, 366, 1268, 921, 296, 364, 348, 712, 1054, 1188, 1094, 1135, 1168, 1209, 746, 1075, 1020, 1076, 860, 365, 612, 732, 940, 1228, 941, 1210, 974, 1115, 1248, 1077]"
52,0.9072829101418804,"[286, 1327, 1330, 1326, 1322, 302, 305, 304, 1260, 291, 1208, 303, 1074, 1034, 1114, 954, 1017, 955, 920, 611, 1134, 1018, 366, 1268, 921, 296, 364, 348, 712, 1054, 1188, 1094, 1135, 1168, 1209, 746, 1075, 1020, 1076, 860, 365, 612, 732, 940, 1228, 941, 1210, 974, 1115, 1248, 1077, 747]"
53,0.9073112855295009,"[286, 1327, 1330, 1326, 1322, 302, 305, 304, 1260, 291, 1208, 303, 1074, 1034, 1114, 954, 1017, 955, 920, 611, 1134, 1018, 366, 1268, 921, 296, 364, 348, 712, 1054, 1188, 1094, 1135, 1168, 1209, 746, 1075, 1020, 1076, 860, 365, 612, 732, 940, 1228, 941, 1210, 974, 1115, 1248, 1077, 747, 1021]"
54,0.9073124692640967,"[286, 1327, 1330, 1326, 1322, 302, 305, 304, 1260, 291, 1208, 303, 1074, 1034, 1114, 954, 1017, 955, 920, 611, 1134, 1018, 366, 1268, 921, 296, 364, 348, 712, 1054, 1188, 1094, 1135, 1168, 1209, 746, 1075, 1020, 1076, 860, 365, 612, 732, 940, 1228, 941, 1210, 974, 1115, 1248, 1077, 747, 1021, 733]"
55,0.9072797262116099,"[286, 1327, 1330, 1326, 1322, 302, 305, 304, 1260, 291, 1208, 303, 1074, 1034, 1114, 954, 1017, 955, 920, 611, 1134, 1018, 366, 1268, 921, 296, 364, 348, 712, 1054, 1188, 1094, 1135, 1168, 1209, 746, 1075, 1020, 1076, 860, 365, 612, 732, 940, 1228, 941, 1210, 974, 1115, 1248, 1077, 747, 1021, 733, 766]"
56,0.9072800507211602,"[286, 1327, 1330, 1326, 1322, 302, 305, 304, 1260, 291, 1208, 303, 1074, 1034, 1114, 954, 1017, 955, 920, 611, 1134, 1018, 366, 1268, 921, 296, 364, 348, 712, 1054, 1188, 1094, 1135, 1168, 1209, 746, 1075, 1020, 1076, 860, 365, 612, 732, 940, 1228, 941, 1210, 974, 1115, 1248, 1077, 747, 1021, 733, 766, 1095]"
57,0.9072786923208143,"[286, 1327, 1330, 1326, 1322, 302, 305, 304, 1260, 291, 1208, 303, 1074, 1034, 1114, 954, 1017, 955, 920, 611, 1134, 1018, 366, 1268, 921, 296, 364, 348, 712, 1054, 1188, 1094, 1135, 1168, 1209, 746, 1075, 1020, 1076, 860, 365, 612, 732, 940, 1228, 941, 1210, 974, 1115, 1248, 1077, 747, 1021, 733, 766, 1095, 1078]"
58,0.9072981933379183,"[286, 1327, 1330, 1326, 1322, 302, 305, 304, 1260, 291, 1208, 303, 1074, 1034, 1114, 954, 1017, 955, 920, 611, 1134, 1018, 366, 1268, 921, 296, 364, 348, 712, 1054, 1188, 1094, 1135, 1168, 1209, 746, 1075, 1020, 1076, 860, 365, 612, 732, 940, 1228, 941, 1210, 974, 1115, 1248, 1077, 747, 1021, 733, 766, 1095, 1078, 1249]"
59,0.9072958206809721,"[286, 1327, 1330, 1326, 1322, 302, 305, 304, 1260, 291, 1208, 303, 1074, 1034, 1114, 954, 1017, 955, 920, 611, 1134, 1018, 366, 1268, 921, 296, 364, 348, 712, 1054, 1188, 1094, 1135, 1168, 1209, 746, 1075, 1020, 1076, 860, 365, 612, 732, 940, 1228, 941, 1210, 974, 1115, 1248, 1077, 747, 1021, 733, 766, 1095, 1078, 1249, 644]"
60,0.9072912416701685,"[286, 1327, 1330, 1326, 1322, 302, 305, 304, 1260, 291, 1208, 303, 1074, 1034, 1114, 954, 1017, 955, 920, 611, 1134, 1018, 366, 1268, 921, 296, 364, 348, 712, 1054, 1188, 1094, 1135, 1168, 1209, 746, 1075, 1020, 1076, 860, 365, 612, 732, 940, 1228, 941, 1210, 974, 1115, 1248, 1077, 747, 1021, 733, 766, 1095, 1078, 1249, 644, 826]"
61,0.9072921221616899,"[286, 1327, 1330, 1326, 1322, 302, 305, 304, 1260, 291, 1208, 303, 1074, 1034, 1114, 954, 1017, 955, 920, 611, 1134, 1018, 366, 1268, 921, 296, 364, 348, 712, 1054, 1188, 1094, 1135, 1168, 1209, 746, 1075, 1020, 1076, 860, 365, 612, 732, 940, 1228, 941, 1210, 974, 1115, 1248, 1077, 747, 1021, 733, 766, 1095, 1078, 1249, 644, 826, 1136]"
62,0.907297492827744,"[286, 1327, 1330, 1326, 1322, 302, 305, 304, 1260, 291, 1208, 303, 1074, 1034, 1114, 954, 1017, 955, 920, 611, 1134, 1018, 366, 1268, 921, 296, 364, 348, 712, 1054, 1188, 1094, 1135, 1168, 1209, 746, 1075, 1020, 1076, 860, 365, 612, 732, 940, 1228, 941, 1210, 974, 1115, 1248, 1077, 747, 1021, 733, 766, 1095, 1078, 1249, 644, 826, 1136, 748]"
63,0.9073019850803193,"[286, 1327, 1330, 1326, 1322, 302, 305, 304, 1260, 291, 1208, 303, 1074, 1034, 1114, 954, 1017, 955, 920, 611, 1134, 1018, 366, 1268, 921, 296, 364, 348, 712, 1054, 1188, 1094, 1135, 1168, 1209, 746, 1075, 1020, 1076, 860, 365, 612, 732, 940, 1228, 941, 1210, 974, 1115, 1248, 1077, 747, 1021, 733, 766, 1095, 1078, 1249, 644, 826, 1136, 748, 997]"
64,0.9072765508864638,"[286, 1327, 1330, 1326, 1322, 302, 305, 304, 1260, 291, 1208, 303, 1074, 1034, 1114, 954, 1017, 955, 920, 611, 1134, 1018, 366, 1268, 921, 296, 364, 348, 712, 1054, 1188, 1094, 1135, 1168, 1209, 746, 1075, 1020, 1076, 860, 365, 612, 732, 940, 1228, 941, 1210, 974, 1115, 1248, 1077, 747, 1021, 733, 766, 1095, 1078, 1249, 644, 826, 1136, 748, 997, 358]"
65,0.9072752657906341,"[286, 1327, 1330, 1326, 1322, 302, 305, 304, 1260, 291, 1208, 303, 1074, 1034, 1114, 954, 1017, 955, 920, 611, 1134, 1018, 366, 1268, 921, 296, 364, 348, 712, 1054, 1188, 1094, 1135, 1168, 1209, 746, 1075, 1020, 1076, 860, 365, 612, 732, 940, 1228, 941, 1210, 974, 1115, 1248, 1077, 747, 1021, 733, 766, 1095, 1078, 1249, 644, 826, 1136, 748, 997, 358, 827]"
66,0.9072554388905898,"[286, 1327, 1330, 1326, 1322, 302, 305, 304, 1260, 291, 1208, 303, 1074, 1034, 1114, 954, 1017, 955, 920, 611, 1134, 1018, 366, 1268, 921, 296, 364, 348, 712, 1054, 1188, 1094, 1135, 1168, 1209, 746, 1075, 1020, 1076, 860, 365, 612, 732, 940, 1228, 941, 1210, 974, 1115, 1248, 1077, 747, 1021, 733, 766, 1095, 1078, 1249, 644, 826, 1136, 748, 997, 358, 827, 751]"
67,0.9072519129650688,"[286, 1327, 1330, 1326, 1322, 302, 305, 304, 1260, 291, 1208, 303, 1074, 1034, 1114, 954, 1017, 955, 920, 611, 1134, 1018, 366, 1268, 921, 296, 364, 348, 712, 1054, 1188, 1094, 1135, 1168, 1209, 746, 1075, 1020, 1076, 860, 365, 612, 732, 940, 1228, 941, 1210, 974, 1115, 1248, 1077, 747, 1021, 733, 766, 1095, 1078, 1249, 644, 826, 1136, 748, 997, 358, 827, 751, 922]"
68,0.9072742492111491,"[286, 1327, 1330, 1326, 1322, 302, 305, 304, 1260, 291, 1208, 303, 1074, 1034, 1114, 954, 1017, 955, 920, 611, 1134, 1018, 366, 1268, 921, 296, 364, 348, 712, 1054, 1188, 1094, 1135, 1168, 1209, 746, 1075, 1020, 1076, 860, 365, 612, 732, 940, 1228, 941, 1210, 974, 1115, 1248, 1077, 747, 1021, 733, 766, 1095, 1078, 1249, 644, 826, 1136, 748, 997, 358, 827, 751, 922, 923]"
69,0.907264177646098,"[286, 1327, 1330, 1326, 1322, 302, 305, 304, 1260, 291, 1208, 303, 1074, 1034, 1114, 954, 1017, 955, 920, 611, 1134, 1018, 366, 1268, 921, 296, 364, 348, 712, 1054, 1188, 1094, 1135, 1168, 1209, 746, 1075, 1020, 1076, 860, 365, 612, 732, 940, 1228, 941, 1210, 974, 1115, 1248, 1077, 747, 1021, 733, 766, 1095, 1078, 1249, 644, 826, 1136, 748, 997, 358, 827, 751, 922, 923, 767]"
70,0.9072930181022429,"[286, 1327, 1330, 1326, 1322, 302, 305, 304, 1260, 291, 1208, 303, 1074, 1034, 1114, 954, 1017, 955, 920, 611, 1134, 1018, 366, 1268, 921, 296, 364, 348, 712, 1054, 1188, 1094, 1135, 1168, 1209, 746, 1075, 1020, 1076, 860, 365, 612, 732, 940, 1228, 941, 1210, 974, 1115, 1248, 1077, 747, 1021, 733, 766, 1095, 1078, 1249, 644, 826, 1136, 748, 997, 358, 827, 751, 922, 923, 767, 645]"
71,0.9072640789147907,"[286, 1327, 1330, 1326, 1322, 302, 305, 304, 1260, 291, 1208, 303, 1074, 1034, 1114, 954, 1017, 955, 920, 611, 1134, 1018, 366, 1268, 921, 296, 364, 348, 712, 1054, 1188, 1094, 1135, 1168, 1209, 746, 1075, 1020, 1076, 860, 365, 612, 732, 940, 1228, 941, 1210, 974, 1115, 1248, 1077, 747, 1021, 733, 766, 1095, 1078, 1249, 644, 826, 1136, 748, 997, 358, 827, 751, 922, 923, 767, 645, 613]"
72,0.907278383193485,"[286, 1327, 1330, 1326, 1322, 302, 305, 304, 1260, 291, 1208, 303, 1074, 1034, 1114, 954, 1017, 955, 920, 611, 1134, 1018, 366, 1268, 921, 296, 364, 348, 712, 1054, 1188, 1094, 1135, 1168, 1209, 746, 1075, 1020, 1076, 860, 365, 612, 732, 940, 1228, 941, 1210, 974, 1115, 1248, 1077, 747, 1021, 733, 766, 1095, 1078, 1249, 644, 826, 1136, 748, 997, 358, 827, 751, 922, 923, 767, 645, 613, 698]"
73,0.9072558704778234,"[286, 1327, 1330, 1326, 1322, 302, 305, 304, 1260, 291, 1208, 303, 1074, 1034, 1114, 954, 1017, 955, 920, 611, 1134, 1018, 366, 1268, 921, 296, 364, 348, 712, 1054, 1188, 1094, 1135, 1168, 1209, 746, 1075, 1020, 1076, 860, 365, 612, 732, 940, 1228, 941, 1210, 974, 1115, 1248, 1077, 747, 1021, 733, 766, 1095, 1078, 1249, 644, 826, 1136, 748, 997, 358, 827, 751, 922, 923, 767, 645, 613, 698, 1250]"
74,0.9072465047627973,"[286, 1327, 1330, 1326, 1322, 302, 305, 304, 1260, 291, 1208, 303, 1074, 1034, 1114, 954, 1017, 955, 920, 611, 1134, 1018, 366, 1268, 921, 296, 364, 348, 712, 1054, 1188, 1094, 1135, 1168, 1209, 746, 1075, 1020, 1076, 860, 365, 612, 732, 940, 1228, 941, 1210, 974, 1115, 1248, 1077, 747, 1021, 733, 766, 1095, 1078, 1249, 644, 826, 1136, 748, 997, 358, 827, 751, 922, 923, 767, 645, 613, 698, 1250, 1288]"
75,0.9072448903276721,"[286, 1327, 1330, 1326, 1322, 302, 305, 304, 1260, 291, 1208, 303, 1074, 1034, 1114, 954, 1017, 955, 920, 611, 1134, 1018, 366, 1268, 921, 296, 364, 348, 712, 1054, 1188, 1094, 1135, 1168, 1209, 746, 1075, 1020, 1076, 860, 365, 612, 732, 940, 1228, 941, 1210, 974, 1115, 1248, 1077, 747, 1021, 733, 766, 1095, 1078, 1249, 644, 826, 1136, 748, 997, 358, 827, 751, 922, 923, 767, 645, 613, 698, 1250, 1288, 594]"
76,0.9072583885068874,"[286, 1327, 1330, 1326, 1322, 302, 305, 304, 1260, 291, 1208, 303, 1074, 1034, 1114, 954, 1017, 955, 920, 611, 1134, 1018, 366, 1268, 921, 296, 364, 348, 712, 1054, 1188, 1094, 1135, 1168, 1209, 746, 1075, 1020, 1076, 860, 365, 612, 732, 940, 1228, 941, 1210, 974, 1115, 1248, 1077, 747, 1021, 733, 766, 1095, 1078, 1249, 644, 826, 1136, 748, 997, 358, 827, 751, 922, 923, 767, 645, 613, 698, 1250, 1288, 594, 1096]"
77,0.9072901900663437,"[286, 1327, 1330, 1326, 1322, 302, 305, 304, 1260, 291, 1208, 303, 1074, 1034, 1114, 954, 1017, 955, 920, 611, 1134, 1018, 366, 1268, 921, 296, 364, 348, 712, 1054, 1188, 1094, 1135, 1168, 1209, 746, 1075, 1020, 1076, 860, 365, 612, 732, 940, 1228, 941, 1210, 974, 1115, 1248, 1077, 747, 1021, 733, 766, 1095, 1078, 1249, 644, 826, 1136, 748, 997, 358, 827, 751, 922, 923, 767, 645, 613, 698, 1250, 1288, 594, 1096, 1154]"
78,0.9072902418190573,"[286, 1327, 1330, 1326, 1322, 302, 305, 304, 1260, 291, 1208, 303, 1074, 1034, 1114, 954, 1017, 955, 920, 611, 1134, 1018, 366, 1268, 921, 296, 364, 348, 712, 1054, 1188, 1094, 1135, 1168, 1209, 746, 1075, 1020, 1076, 860, 365, 612, 732, 940, 1228, 941, 1210, 974, 1115, 1248, 1077, 747, 1021, 733, 766, 1095, 1078, 1249, 644, 826, 1136, 748, 997, 358, 827, 751, 922, 923, 767, 645, 613, 698, 1250, 1288, 594, 1096, 1154, 924]"
79,0.9072705852291014,"[286, 1327, 1330, 1326, 1322, 302, 305, 304, 1260, 291, 1208, 303, 1074, 1034, 1114, 954, 1017, 955, 920, 611, 1134, 1018, 366, 1268, 921, 296, 364, 348, 712, 1054, 1188, 1094, 1135, 1168, 1209, 746, 1075, 1020, 1076, 860, 365, 612, 732, 940, 1228, 941, 1210, 974, 1115, 1248, 1077, 747, 1021, 733, 766, 1095, 1078, 1249, 644, 826, 1136, 748, 997, 358, 827, 751, 922, 923, 767, 645, 613, 698, 1250, 1288, 594, 1096, 1154, 924, 664]"
80,0.9072831652291679,"[286, 1327, 1330, 1326, 1322, 302, 305, 304, 1260, 291, 1208, 303, 1074, 1034, 1114, 954, 1017, 955, 920, 611, 1134, 1018, 366, 1268, 921, 296, 364, 348, 712, 1054, 1188, 1094, 1135, 1168, 1209, 746, 1075, 1020, 1076, 860, 365, 612, 732, 940, 1228, 941, 1210, 974, 1115, 1248, 1077, 747, 1021, 733, 766, 1095, 1078, 1249, 644, 826, 1136, 748, 997, 358, 827, 751, 922, 923, 767, 645, 613, 698, 1250, 1288, 594, 1096, 1154, 924, 664, 1137]"
81,0.9072459314780178,"[286, 1327, 1330, 1326, 1322, 302, 305, 304, 1260, 291, 1208, 303, 1074, 1034, 1114, 954, 1017, 955, 920, 611, 1134, 1018, 366, 1268, 921, 296, 364, 348, 712, 1054, 1188, 1094, 1135, 1168, 1209, 746, 1075, 1020, 1076, 860, 365, 612, 732, 940, 1228, 941, 1210, 974, 1115, 1248, 1077, 747, 1021, 733, 766, 1095, 1078, 1249, 644, 826, 1136, 748, 997, 358, 827, 751, 922, 923, 767, 645, 613, 698, 1250, 1288, 594, 1096, 1154, 924, 664, 1137, 1116]"
82,0.907326356347665,"[286, 1327, 1330, 1326, 1322, 302, 305, 304, 1260, 291, 1208, 303, 1074, 1034, 1114, 954, 1017, 955, 920, 611, 1134, 1018, 366, 1268, 921, 296, 364, 348, 712, 1054, 1188, 1094, 1135, 1168, 1209, 746, 1075, 1020, 1076, 860, 365, 612, 732, 940, 1228, 941, 1210, 974, 1115, 1248, 1077, 747, 1021, 733, 766, 1095, 1078, 1249, 644, 826, 1136, 748, 997, 358, 827, 751, 922, 923, 767, 645, 613, 698, 1250, 1288, 594, 1096, 1154, 924, 664, 1137, 1116, 1289]"
83,0.9072977220706697,"[286, 1327, 1330, 1326, 1322, 302, 305, 304, 1260, 291, 1208, 303, 1074, 1034, 1114, 954, 1017, 955, 920, 611, 1134, 1018, 366, 1268, 921, 296, 364, 348, 712, 1054, 1188, 1094, 1135, 1168, 1209, 746, 1075, 1020, 1076, 860, 365, 612, 732, 940, 1228, 941, 1210, 974, 1115, 1248, 1077, 747, 1021, 733, 766, 1095, 1078, 1249, 644, 826, 1136, 748, 997, 358, 827, 751, 922, 923, 767, 645, 613, 698, 1250, 1288, 594, 1096, 1154, 924, 664, 1137, 1116, 1289, 998]"
84,0.9072756742640204,"[286, 1327, 1330, 1326, 1322, 302, 305, 304, 1260, 291, 1208, 303, 1074, 1034, 1114, 954, 1017, 955, 920, 611, 1134, 1018, 366, 1268, 921, 296, 364, 348, 712, 1054, 1188, 1094, 1135, 1168, 1209, 746, 1075, 1020, 1076, 860, 365, 612, 732, 940, 1228, 941, 1210, 974, 1115, 1248, 1077, 747, 1021, 733, 766, 1095, 1078, 1249, 644, 826, 1136, 748, 997, 358, 827, 751, 922, 923, 767, 645, 613, 698, 1250, 1288, 594, 1096, 1154, 924, 664, 1137, 1116, 1289, 998, 595]"
85,0.9073260440069529,"[286, 1327, 1330, 1326, 1322, 302, 305, 304, 1260, 291, 1208, 303, 1074, 1034, 1114, 954, 1017, 955, 920, 611, 1134, 1018, 366, 1268, 921, 296, 364, 348, 712, 1054, 1188, 1094, 1135, 1168, 1209, 746, 1075, 1020, 1076, 860, 365, 612, 732, 940, 1228, 941, 1210, 974, 1115, 1248, 1077, 747, 1021, 733, 766, 1095, 1078, 1249, 644, 826, 1136, 748, 997, 358, 827, 751, 922, 923, 767, 645, 613, 698, 1250, 1288, 594, 1096, 1154, 924, 664, 1137, 1116, 1289, 998, 595, 734]"
86,0.9073169182985045,"[286, 1327, 1330, 1326, 1322, 302, 305, 304, 1260, 291, 1208, 303, 1074, 1034, 1114, 954, 1017, 955, 920, 611, 1134, 1018, 366, 1268, 921, 296, 364, 348, 712, 1054, 1188, 1094, 1135, 1168, 1209, 746, 1075, 1020, 1076, 860, 365, 612, 732, 940, 1228, 941, 1210, 974, 1115, 1248, 1077, 747, 1021, 733, 766, 1095, 1078, 1249, 644, 826, 1136, 748, 997, 358, 827, 751, 922, 923, 767, 645, 613, 698, 1250, 1288, 594, 1096, 1154, 924, 664, 1137, 1116, 1289, 998, 595, 734, 1035]"
87,0.9072993402420632,"[286, 1327, 1330, 1326, 1322, 302, 305, 304, 1260, 291, 1208, 303, 1074, 1034, 1114, 954, 1017, 955, 920, 611, 1134, 1018, 366, 1268, 921, 296, 364, 348, 712, 1054, 1188, 1094, 1135, 1168, 1209, 746, 1075, 1020, 1076, 860, 365, 612, 732, 940, 1228, 941, 1210, 974, 1115, 1248, 1077, 747, 1021, 733, 766, 1095, 1078, 1249, 644, 826, 1136, 748, 997, 358, 827, 751, 922, 923, 767, 645, 613, 698, 1250, 1288, 594, 1096, 1154, 924, 664, 1137, 1116, 1289, 998, 595, 734, 1035, 1155]"
88,0.9073037327702158,"[286, 1327, 1330, 1326, 1322, 302, 305, 304, 1260, 291, 1208, 303, 1074, 1034, 1114, 954, 1017, 955, 920, 611, 1134, 1018, 366, 1268, 921, 296, 364, 348, 712, 1054, 1188, 1094, 1135, 1168, 1209, 746, 1075, 1020, 1076, 860, 365, 612, 732, 940, 1228, 941, 1210, 974, 1115, 1248, 1077, 747, 1021, 733, 766, 1095, 1078, 1249, 644, 826, 1136, 748, 997, 358, 827, 751, 922, 923, 767, 645, 613, 698, 1250, 1288, 594, 1096, 1154, 924, 664, 1137, 1116, 1289, 998, 595, 734, 1035, 1155, 646]"
89,0.9072851694358871,"[286, 1327, 1330, 1326, 1322, 302, 305, 304, 1260, 291, 1208, 303, 1074, 1034, 1114, 954, 1017, 955, 920, 611, 1134, 1018, 366, 1268, 921, 296, 364, 348, 712, 1054, 1188, 1094, 1135, 1168, 1209, 746, 1075, 1020, 1076, 860, 365, 612, 732, 940, 1228, 941, 1210, 974, 1115, 1248, 1077, 747, 1021, 733, 766, 1095, 1078, 1249, 644, 826, 1136, 748, 997, 358, 827, 751, 922, 923, 767, 645, 613, 698, 1250, 1288, 594, 1096, 1154, 924, 664, 1137, 1116, 1289, 998, 595, 734, 1035, 1155, 646, 1229]"
90,0.9072720795601592,"[286, 1327, 1330, 1326, 1322, 302, 305, 304, 1260, 291, 1208, 303, 1074, 1034, 1114, 954, 1017, 955, 920, 611, 1134, 1018, 366, 1268, 921, 296, 364, 348, 712, 1054, 1188, 1094, 1135, 1168, 1209, 746, 1075, 1020, 1076, 860, 365, 612, 732, 940, 1228, 941, 1210, 974, 1115, 1248, 1077, 747, 1021, 733, 766, 1095, 1078, 1249, 644, 826, 1136, 748, 997, 358, 827, 751, 922, 923, 767, 645, 613, 698, 1250, 1288, 594, 1096, 1154, 924, 664, 1137, 1116, 1289, 998, 595, 734, 1035, 1155, 646, 1229, 942]"
91,0.9072487828556592,"[286, 1327, 1330, 1326, 1322, 302, 305, 304, 1260, 291, 1208, 303, 1074, 1034, 1114, 954, 1017, 955, 920, 611, 1134, 1018, 366, 1268, 921, 296, 364, 348, 712, 1054, 1188, 1094, 1135, 1168, 1209, 746, 1075, 1020, 1076, 860, 365, 612, 732, 940, 1228, 941, 1210, 974, 1115, 1248, 1077, 747, 1021, 733, 766, 1095, 1078, 1249, 644, 826, 1136, 748, 997, 358, 827, 751, 922, 923, 767, 645, 613, 698, 1250, 1288, 594, 1096, 1154, 924, 664, 1137, 1116, 1289, 998, 595, 734, 1035, 1155, 646, 1229, 942, 647]"
92,0.9073349388491806,"[286, 1327, 1330, 1326, 1322, 302, 305, 304, 1260, 291, 1208, 303, 1074, 1034, 1114, 954, 1017, 955, 920, 611, 1134, 1018, 366, 1268, 921, 296, 364, 348, 712, 1054, 1188, 1094, 1135, 1168, 1209, 746, 1075, 1020, 1076, 860, 365, 612, 732, 940, 1228, 941, 1210, 974, 1115, 1248, 1077, 747, 1021, 733, 766, 1095, 1078, 1249, 644, 826, 1136, 748, 997, 358, 827, 751, 922, 923, 767, 645, 613, 698, 1250, 1288, 594, 1096, 1154, 924, 664, 1137, 1116, 1289, 998, 595, 734, 1035, 1155, 646, 1229, 942, 647, 1302]"
93,0.907304822243065,"[286, 1327, 1330, 1326, 1322, 302, 305, 304, 1260, 291, 1208, 303, 1074, 1034, 1114, 954, 1017, 955, 920, 611, 1134, 1018, 366, 1268, 921, 296, 364, 348, 712, 1054, 1188, 1094, 1135, 1168, 1209, 746, 1075, 1020, 1076, 860, 365, 612, 732, 940, 1228, 941, 1210, 974, 1115, 1248, 1077, 747, 1021, 733, 766, 1095, 1078, 1249, 644, 826, 1136, 748, 997, 358, 827, 751, 922, 923, 767, 645, 613, 698, 1250, 1288, 594, 1096, 1154, 924, 664, 1137, 1116, 1289, 998, 595, 734, 1035, 1155, 646, 1229, 942, 647, 1302, 828]"
94,0.9072585604866766,"[286, 1327, 1330, 1326, 1322, 302, 305, 304, 1260, 291, 1208, 303, 1074, 1034, 1114, 954, 1017, 955, 920, 611, 1134, 1018, 366, 1268, 921, 296, 364, 348, 712, 1054, 1188, 1094, 1135, 1168, 1209, 746, 1075, 1020, 1076, 860, 365, 612, 732, 940, 1228, 941, 1210, 974, 1115, 1248, 1077, 747, 1021, 733, 766, 1095, 1078, 1249, 644, 826, 1136, 748, 997, 358, 827, 751, 922, 923, 767, 645, 613, 698, 1250, 1288, 594, 1096, 1154, 924, 664, 1137, 1116, 1289, 998, 595, 734, 1035, 1155, 646, 1229, 942, 647, 1302, 828, 1303]"
95,0.9072721192275844,"[286, 1327, 1330, 1326, 1322, 302, 305, 304, 1260, 291, 1208, 303, 1074, 1034, 1114, 954, 1017, 955, 920, 611, 1134, 1018, 366, 1268, 921, 296, 364, 348, 712, 1054, 1188, 1094, 1135, 1168, 1209, 746, 1075, 1020, 1076, 860, 365, 612, 732, 940, 1228, 941, 1210, 974, 1115, 1248, 1077, 747, 1021, 733, 766, 1095, 1078, 1249, 644, 826, 1136, 748, 997, 358, 827, 751, 922, 923, 767, 645, 613, 698, 1250, 1288, 594, 1096, 1154, 924, 664, 1137, 1116, 1289, 998, 595, 734, 1035, 1155, 646, 1229, 942, 647, 1302, 828, 1303, 880]"
96,0.9072616088248777,"[286, 1327, 1330, 1326, 1322, 302, 305, 304, 1260, 291, 1208, 303, 1074, 1034, 1114, 954, 1017, 955, 920, 611, 1134, 1018, 366, 1268, 921, 296, 364, 348, 712, 1054, 1188, 1094, 1135, 1168, 1209, 746, 1075, 1020, 1076, 860, 365, 612, 732, 940, 1228, 941, 1210, 974, 1115, 1248, 1077, 747, 1021, 733, 766, 1095, 1078, 1249, 644, 826, 1136, 748, 997, 358, 827, 751, 922, 923, 767, 645, 613, 698, 1250, 1288, 594, 1096, 1154, 924, 664, 1137, 1116, 1289, 998, 595, 734, 1035, 1155, 646, 1229, 942, 647, 1302, 828, 1303, 880, 975]"
97,0.9072884578162177,"[286, 1327, 1330, 1326, 1322, 302, 305, 304, 1260, 291, 1208, 303, 1074, 1034, 1114, 954, 1017, 955, 920, 611, 1134, 1018, 366, 1268, 921, 296, 364, 348, 712, 1054, 1188, 1094, 1135, 1168, 1209, 746, 1075, 1020, 1076, 860, 365, 612, 732, 940, 1228, 941, 1210, 974, 1115, 1248, 1077, 747, 1021, 733, 766, 1095, 1078, 1249, 644, 826, 1136, 748, 997, 358, 827, 751, 922, 923, 767, 645, 613, 698, 1250, 1288, 594, 1096, 1154, 924, 664, 1137, 1116, 1289, 998, 595, 734, 1035, 1155, 646, 1229, 942, 647, 1302, 828, 1303, 880, 975, 846]"
98,0.9072572860385218,"[286, 1327, 1330, 1326, 1322, 302, 305, 304, 1260, 291, 1208, 303, 1074, 1034, 1114, 954, 1017, 955, 920, 611, 1134, 1018, 366, 1268, 921, 296, 364, 348, 712, 1054, 1188, 1094, 1135, 1168, 1209, 746, 1075, 1020, 1076, 860, 365, 612, 732, 940, 1228, 941, 1210, 974, 1115, 1248, 1077, 747, 1021, 733, 766, 1095, 1078, 1249, 644, 826, 1136, 748, 997, 358, 827, 751, 922, 923, 767, 645, 613, 698, 1250, 1288, 594, 1096, 1154, 924, 664, 1137, 1116, 1289, 998, 595, 734, 1035, 1155, 646, 1229, 942, 647, 1302, 828, 1303, 880, 975, 846, 1189]"
99,0.9073344105587661,"[286, 1327, 1330, 1326, 1322, 302, 305, 304, 1260, 291, 1208, 303, 1074, 1034, 1114, 954, 1017, 955, 920, 611, 1134, 1018, 366, 1268, 921, 296, 364, 348, 712, 1054, 1188, 1094, 1135, 1168, 1209, 746, 1075, 1020, 1076, 860, 365, 612, 732, 940, 1228, 941, 1210, 974, 1115, 1248, 1077, 747, 1021, 733, 766, 1095, 1078, 1249, 644, 826, 1136, 748, 997, 358, 827, 751, 922, 923, 767, 645, 613, 698, 1250, 1288, 594, 1096, 1154, 924, 664, 1137, 1116, 1289, 998, 595, 734, 1035, 1155, 646, 1229, 942, 647, 1302, 828, 1303, 880, 975, 846, 1189, 1117]"
100,0.9072375922210206,"[286, 1327, 1330, 1326, 1322, 302, 305, 304, 1260, 291, 1208, 303, 1074, 1034, 1114, 954, 1017, 955, 920, 611, 1134, 1018, 366, 1268, 921, 296, 364, 348, 712, 1054, 1188, 1094, 1135, 1168, 1209, 746, 1075, 1020, 1076, 860, 365, 612, 732, 940, 1228, 941, 1210, 974, 1115, 1248, 1077, 747, 1021, 733, 766, 1095, 1078, 1249, 644, 826, 1136, 748, 997, 358, 827, 751, 922, 923, 767, 645, 613, 698, 1250, 1288, 594, 1096, 1154, 924, 664, 1137, 1116, 1289, 998, 595, 734, 1035, 1155, 646, 1229, 942, 647, 1302, 828, 1303, 880, 975, 846, 1189, 1117, 881]"
